,title,Directed by,Screenplay by,Story by,Produced by,Starring,Cinematography,Edited by,Music by,Distributed by,Release dates,Running time,Country,Language,Budget,Box office,Running time (int),Budget (float),Box office (float),Release date (datetime),imdb,metascore,rotten_tomatoes,Based on,Production companies,Release date,Production company,Written by,Narration by,Languages,Countries,Narrated by,Japanese,Hepburn,Simplified,Mandarin
0,Mystic Pizza,Donald Petrie,"['Amy Holden Jones', 'Perry Howze', 'Randy Howze', 'Alfred Uhry']",Amy Holden Jones,"['Mark Levinson', 'Scott Rosenfelt']","['Annabeth Gish', 'Julia Roberts', 'Lili Taylor', ""Vincent D'Onofrio"", 'William R. Moses', 'Adam Storke', 'Conchata Ferrell']",Tim Suhrstedt,"['Don Brochu', 'Marion Rothman']",David McHugh,The Samuel Goldwyn Company,"['October 18, 1988 ( 1988-10-18 ) (premiere)', 'October 21, 1988 ( 1988-10-21 ) (United States)']",104 minutes,United States,English,$6 million,$14 million,104.0,6000000.0,14000000.0,,6.3,60,78%,,,,,,,,,,,,,
1,The Good Mother,Leonard Nimoy,Michael Bortman,,Arne Glimcher,"['Diane Keaton', 'Liam Neeson', 'Jason Robards', 'Ralph Bellamy']",David Watkin,Peter E. Berger,Elmer Bernstein,Buena Vista Pictures Distribution,,103 minutes,United States,English,$14 million,"$4,764,606",103.0,14000000.0,4764606.0,1988-11-04,5.7,N/A,50%,"['The Good Mother', 'by', 'Sue Miller']","['Touchstone Pictures', 'Silver Screen Partners IV']","['November 4, 1988 ( 1988-11-04 )']",,,,,,,,,,
2,Field of Dreams,Phil Alden Robinson,Phil Alden Robinson,,"['Lawrence Gordon', 'Charles Gordon']","['Kevin Costner', 'Amy Madigan', 'James Earl Jones', 'Ray Liotta', 'Burt Lancaster']",John Lindley,Ian Crafford,James Horner,"['Universal Pictures (United States)', 'Carolco Pictures (International)']",,107 minutes,United States,English,$15 million,$84.4 million,107.0,15000000.0,84400000.0,1989-05-05,7.5,57,88%,"['Shoeless Joe', 'by', 'W.P. Kinsella']",,"['May 5, 1989 ( 1989-05-05 ) (United States)']",Gordon Company,,,,,,,,,
3,School Ties,Robert Mandel,"['Dick Wolf', 'Darryl Ponicsan']",Dick Wolf,"['Stanley R. Jaffe', 'Sherry Lansing', 'Michael Tadross']",Brendan Fraser,Freddie Francis,"['Jerry Greenberg', 'Jacqueline Cambas']",Maurice Jarre,Paramount Pictures,,110 minutes,United States,English,$18 million,$14.7 million,110.0,18000000.0,14700000.0,1992-09-11,6.9,65,60%,,,"['September 11, 1992 ( 1992-09-11 )']",Jaffe/Lansing Production,,,,,,,,,
4,Geronimo: An American Legend,Walter Hill,,John Milius,"['Neil Canton', 'Walter Hill']","['Jason Patric', 'Robert Duvall', 'Gene Hackman', 'Matt Damon', 'Wes Studi']",Lloyd Ahern,"['Donn Aron', 'Carmel Davies']",Ry Cooder,Columbia Pictures,,115 minutes,United States,English,$35 million,$18.6 million,115.0,35000000.0,18600000.0,1993-12-10,6.5,58,48%,,,"['December 10, 1993 ( 1993-12-10 )']",,"['John Milius', 'Larry Gross']",,,,,,,,
5,Glory Daze,Rich Wilkes,,,"['Michael Scott Bloom', 'Chris J. Slater', '(co-producer)']","['Ben Affleck', 'Sam Rockwell', 'Megan Ward', 'French Stewart']",Christopher Taylor,Richard Candib,Warren Fitzgerald,"['Fusion Studios, Inc.', 'Woodward Productions', 'Weiny Bro Productions']","['October 1, 1995 ( 1995-10-01 ) ( Hamptons International Film Festival )', 'July 27, 1996 ( 1996-19-27 ) (theatrical)']",100 minutes,United States,English,,"$15,134",100.0,,15134.0,,5.6,N/A,,,,,Seventh Art Productions,Rich Wilkes,,,,,,,,
6,Courage Under Fire,Edward Zwick,,,"['John Davis', 'Joseph M. Singer', 'David T. Friendly']","['Denzel Washington', 'Meg Ryan', 'Lou Diamond Phillips', 'Michael Moriarty', 'Matt Damon', 'Seth Gilliam', 'Bronson Pinchot', 'Scott Glenn']",Roger Deakins,Steven Rosenblum,James Horner,20th Century Fox,,116 minutes,,English,,$100.9 million,116.0,,100900000.0,1996-07-12,6.6,77,86%,,"['Davis Entertainment', 'Joseph M. Singer Entertainment', 'Friendly Films', 'Fox 2000 Pictures']","['July 12, 1996 ( 1996-07-12 )']",,Patrick Sheane Duncan,,,,,,,,
7,Chasing Amy,Kevin Smith,,,Scott Mosier,"['Ben Affleck', 'Joey Lauren Adams', 'Jason Lee', 'Dwight Ewell', 'Jason Mewes']",David Klein,"['Scott Mosier', 'Kevin Smith']",David Pirner,Miramax Films,,113 minutes,United States,English,"$250,000",$12 million,113.0,250000.0,12000000.0,1997-04-04,7.2,71,86%,,"['View Askew Productions', 'Too Askew Prod., Inc.']","['April 4, 1997 ( 1997-04-04 )']",,Kevin Smith,,,,,,,,
8,The Rainmaker,Francis Ford Coppola,Francis Ford Coppola,,"['Michael Douglas', 'Fred Fuchs', 'Steven Reuther']","['Matt Damon', 'Claire Danes', 'Jon Voight', 'Mary Kay Place', 'Mickey Rourke', 'Danny DeVito']",John Toll,"['Melissa Kent', 'Barry Malkin']",Elmer Bernstein,Paramount Pictures,,135 minutes,United States,English,$40 million,$45.9 million,135.0,40000000.0,45900000.0,1997-11-21,7.2,72,83%,"['The Rainmaker', 'by', 'John Grisham']","['American Zoetrope', 'Constellation Films']","['November 21, 1997 ( 1997-11-21 )']",,,Michael Herr,,,,,,,
9,Good Will Hunting,Gus Van Sant,,,Lawrence Bender,"['Robin Williams', 'Matt Damon', 'Ben Affleck', 'Stellan Skarsgård', 'Minnie Driver']",Jean-Yves Escoffier,Pietro Scalia,Danny Elfman,Miramax Films,"['December 2, 1997 ( 1997-12-02 ) ( Bruin Theater )', 'December 5, 1997 ( 1997-12-05 ) (United States)']",126 minutes,United States,English,$10 million,$225.9 million,126.0,10000000.0,225900000.0,,8.3,70,96%,,,,Be Gentlemen,"['Ben Affleck', 'Matt Damon']",,,,,,,,
10,Saving Private Ryan,Steven Spielberg,,,"['Steven Spielberg', 'Ian Bryce', 'Mark Gordon', 'Gary Levinsohn']","['Tom Hanks', 'Edward Burns', 'Matt Damon', 'Tom Sizemore']",Janusz Kamiński,Michael Kahn,John Williams,"['DreamWorks Distribution (North America)', 'Paramount Pictures (International; through United International Pictures )']",,169 minutes,United States,English,$70 million,$485 million,169.0,70000000.0,485000000.0,1998-07-24,8.6,91,94%,,"['DreamWorks Pictures', 'Paramount Pictures', 'Amblin Entertainment', 'Mutual Film Company']","['July 24, 1998 ( 1998-07-24 )']",,Robert Rodat,,,,,,,,
11,Rounders,John Dahl,,,"['Joel Stillerman', 'Ted Demme']","['Matt Damon', 'Edward Norton', 'John Turturro', 'Famke Janssen', 'Gretchen Mol', 'John Malkovich', 'Martin Landau']",Jean-Yves Escoffier,Scott Chestnut,Christopher Young,Miramax Films,"['September 4, 1998 ( 1998-09-04 ) ( Venice Film Festival )', 'September 8, 1998 ( 1998-09-08 ) ( Deauville Film Festival )', 'September 11, 1998 ( 1998-09-11 ) (United States)']",121 minutes,United States,English,$12 million,"['$22.9 million', '(United States)']",121.0,12000000.0,22900000.0,,7.3,54,64%,,,,Spanky Pictures,"['David Levien', 'Brian Koppelman']",,,,,,,,
12,Dogma,Kevin Smith,,,Scott Mosier,"['Ben Affleck', 'Matt Damon', 'Linda Fiorentino', 'Salma Hayek', 'Jason Lee', 'Bud Cort', 'Jason Mewes', 'Alan Rickman', 'Chris Rock']",Robert Yeoman,"['Kevin Smith', 'Scott Mosier']",Howard Shore,"['Lionsgate Films (United States)', 'Miramax International (International)']","['May 21, 1999 ( 1999-05-21 ) ( Cannes )', 'November 12, 1999 ( 1999-11-12 ) (United States)']",128 minutes,United States,English,$10 million,$44 million,128.0,10000000.0,44000000.0,,7.3,62,67%,,"['View Askew Productions', 'STKstudio']",,,Kevin Smith,,,,,,,,
13,The Talented Mr. Ripley,Anthony Minghella,Anthony Minghella,,"['William Horberg', 'Tom Sternberg']","['Matt Damon', 'Gwyneth Paltrow', 'Jude Law', 'Cate Blanchett', 'Philip Seymour Hoffman', 'Jack Davenport', 'James Rebhorn', 'Sergio Rubini', 'Philip Baker Hall']",John Seale,Walter Murch,Gabriel Yared,"['Paramount Pictures (North America)', 'Miramax International (International; through Buena Vista International )']","['December 12, 1999 ( 1999-12-12 ) ( Fox Bruin Theater )', 'December 25, 1999 ( 1999-12-25 ) (United States)']",139 minutes,United States,English,$40 million,$128.8 million,139.0,40000000.0,128800000.00000001,,7.4,76,84%,"['The Talented Mr. Ripley', 'by', 'Patricia Highsmith']","['Mirage Enterprises', 'Timnick Films']",,,,,,,,,,,
14,Titan A.E.,"['Don Bluth', 'Gary Goldman']","['Ben Edlund', 'John August', 'Joss Whedon']","['Hans Bauer', 'Randall McCormick']","['Don Bluth', 'Gary Goldman', 'David Kirschner']","['Matt Damon', 'Bill Pullman', 'John Leguizamo', 'Nathan Lane', 'Janeane Garofalo', 'Drew Barrymore']",,"['Bob Bender', 'Paul Martin Smith', 'Fiona Trayler']",Graeme Revell,20th Century Fox,,94 minutes,United States,English,$75–90 million,$36.8 million,94.0,75000000.0,36800000.0,2000-06-16,6.6,48,50%,,"['Fox Animation Studios', '20th Century Fox Animation', 'David Kirschner Productions']","['June 16, 2000 ( 2000-06-16 )']",,,,,,,,,,
15,The Legend of Bagger Vance,Robert Redford,Jeremy Leven,,"['Michael Nozik', 'Jake Eberts', 'Robert Redford']","['Will Smith', 'Matt Damon', 'Charlize Theron']",Michael Ballhaus,Hank Corwin,Rachel Portman,"['DreamWorks Distribution (North America)', '20th Century Fox (International)']",,126 minutes,United States,English,$80 million,$39.5 million,126.0,80000000.0,39500000.0,2000-11-03,6.7,47,43%,"['The Legend of Bagger Vance', '1995 novel', 'by', 'Steven Pressfield']","['DreamWorks Pictures', '20th Century Fox', 'Allied Filmmakers']","['November 3, 2000 ( 2000-11-03 )']",,,,,,,,,,
16,Finding Forrester,Gus Van Sant,,,"['Sean Connery', 'Laurence Mark']","['Rob Brown', 'Sean Connery', 'F. Murray Abraham', 'Anna Paquin', 'Busta Rhymes']",Harris Savides,Valdís Óskarsdóttir,Terrence Blanchard,Sony Pictures Releasing,,136 minutes,United States,English,$43 million,$80 million,136.0,43000000.0,80000000.0,2000-12-22,7.3,62,74%,,,"['December 22, 2000 ( 2000-12-22 )']",Columbia Pictures,Mike Rich,,,,,,,,
17,All the Pretty Horses,Billy Bob Thornton,Ted Tally,,"['Robert Salerno', 'Billy Bob Thornton']","['Matt Damon', 'Henry Thomas', 'Lucas Black', 'Penélope Cruz', 'Rubén Blades', 'Robert Patrick', 'Bruce Dern', 'Sam Shepard']",Barry Markowitz,Sally Menke,"['Marty Stuart', 'Kristin Wilkinson', 'Larry Paxton']","['Miramax Films', '(United States)', 'Columbia Pictures', '(International; through', 'Columbia TriStar Film Distributors International', ')']",,117 minutes,United States,,$57 million,$18.1 million,117.0,57000000.0,18100000.0,2000-12-25,5.8,55,32%,"['All the Pretty Horses', 'by', 'Cormac McCarthy']","['Columbia Pictures', 'Miramax Films']","['December 25, 2000 ( 2000-12-25 )']",,,,"['English', 'Spanish']",,,,,,
18,Jay and Silent Bob Strike Back,Kevin Smith,,,Scott Mosier,"['Jason Mewes', 'Kevin Smith', 'Ben Affleck', 'Eliza Dushku', 'Shannon Elizabeth', 'Will Ferrell', 'Ali Larter', 'Jason Lee', 'Chris Rock']",Jamie Anderson,"['Scott Mosier', 'Kevin Smith']",James L. Venable,Miramax Films,,104 minutes,United States,English,$22 million,$33.8 million,104.0,22000000.0,33800000.0,2001-08-24,6.8,51,52%,,"['Dimension Films', 'Miramax Films', 'View Askew Productions']","['August 24, 2001 ( 2001-08-24 )']",,Kevin Smith,,,,,,,,
19,Ocean's Eleven,Steven Soderbergh,Ted Griffin,,Jerry Weintraub,"['George Clooney', 'Matt Damon', 'Andy García', 'Brad Pitt', 'Julia Roberts', 'Casey Affleck', 'Scott Caan', 'Elliott Gould', 'Bernie Mac', 'Carl Reiner']",Peter Andrews,Stephen Mirrione,David Holmes,Warner Bros. Pictures,,116 minutes,United States,English,$85 million,$450.7 million,116.0,85000000.0,450700000.0,2001-12-07,7.7,74,83%,"['Harry Brown', 'Charles Lederer', 'George Clayton Johnson', 'Jack Golden Russell']","['Village Roadshow Pictures', 'NPV Entertainment', 'Jerry Weintraub Productions', 'Section Eight Productions']","['December 7, 2001 ( 2001-12-07 )']",,,,,,,,,,
20,The Majestic,Frank Darabont,,,Frank Darabont,"['Jim Carrey', 'Bob Balaban', 'Brent Briscoe', 'Jeffrey DeMunn', 'Amanda Detmer', 'Allen Garfield', 'Hal Holbrook', 'Laurie Holden', 'Martin Landau', 'Ron Rifkin', 'David Ogden Stiers', 'James Whitmore']",David Tattersall,Jim Page,Mark Isham,Warner Bros. Pictures,,153 minutes,United States,English,$72 million,$37.3 million,153.0,72000000.0,37300000.0,2001-12-21,6.9,27,42%,,"['Castle Rock Entertainment', 'Village Roadshow Pictures', 'NPV Entertainment', 'Darkwoods Productions']","['December 21, 2001 ( 2001-12-21 ) (United States)']",,Michael Sloane,,,,,,,,
21,Gerry,Gus Van Sant,,,Dany Wolf,"['Matt Damon', 'Casey Affleck']",Harris Savides,"['Casey Affleck', 'Matt Damon', 'Gus Van Sant']",Arvo Pärt,THINKFilm,"['January 12, 2002 ( 2002-01-12 ) (Sundance)', 'February 14, 2003 ( 2003-02-14 ) (United States)']",103 minutes,United States,English,$3.5 million,"$254,683",103.0,3500000.0,254683.0,,6.0,54,61%,,,,,"['Casey Affleck', 'Matt Damon', 'Gus Van Sant']",,,,,,,,
22,Stolen Summer,Pete Jones,,,"['Chris Moore', 'Ben Affleck', 'Matt Damon']","['Aidan Quinn', 'Bonnie Hunt', 'Kevin Pollak', 'Brian Dennehy']",Peter Biagi,Gregg Featherman,Danny Lux,Miramax Films,,91 minutes,United States,English,$1.8 million,"$134,736",91.0,1800000.0,134736.0,2002-03-22,6.5,36,36%,,,"['March 22, 2002 ( 2002-03-22 )']",,Pete Jones,,,,,,,,
23,Spirit: Stallion of the Cimarron,"['Kelly Asbury', 'Lorna Cook']",John Fusco,Jeffrey Katzenberg (uncredited),"['Mireille Soria', 'Jeffrey Katzenberg']","['Matt Damon', 'James Cromwell', 'Daniel Studi']",,"['Nick Fletcher', 'Clare De Chenu']",Hans Zimmer,"['DreamWorks Pictures', 'DreamWorks Distribution']","['May 21, 2002 ( 2002-05-21 ) ( Cannes )', 'May 24, 2002 ( 2002-05-24 )']",83 minutes,United States,English,$80 million,$122.6 million,83.0,80000000.0,122600000.0,,7.1,52,69%,,,,DreamWorks Animation,,,,,,,,,
24,The Third Wheel,Jordan Brady,,,"['Stavros Merjos', 'Chris Moore', 'Adam Rosenfelt', 'Chad Snopek']","['Luke Wilson', 'Denise Richards', 'Jay Lacopo', 'Ben Affleck', 'Phil Lewis', 'Deborah Theaker']",Jonathan Brown,"['Sam Citron', 'Paul Seydor']","['Lisa Coleman', 'Wendy Melvoin']",Miramax Films,,83 minutes,United States,English,,,83.0,,,,5.4,N/A,33%,,,['2002 ( 2002 )'],,Jay Lacopo,,,,,,,,
25,The Bourne Identity,Doug Liman,"['Tony Gilroy', 'William Blake Herron']",,"['Doug Liman', 'Patrick Crowley', 'Richard N. Gladstein']","['Matt Damon', 'Franka Potente', 'Chris Cooper', 'Clive Owen', 'Brian Cox', 'Adewale Akinnuoye-Agbaje']",Oliver Wood,Saar Klein,John Powell,Universal Pictures,"['June 6, 2002 ( 2002-06-06 ) ( Los Angeles )', 'June 14, 2002 ( 2002-06-14 ) (United States)']",119 minutes,,English,$60 million,$214 million,119.0,60000000.0,214000000.0,,7.9,68,84%,"['The Bourne Identity', 'by', 'Robert Ludlum']","['Universal Pictures', 'Kennedy/Marshall', 'Hypnotic Productions']",,,,,,"['United States', 'Germany', 'Czech Republic']",,,,,
26,Confessions of a Dangerous Mind,George Clooney,Charlie Kaufman,,Andrew Lazar,"['Sam Rockwell', 'George Clooney', 'Julia Roberts', 'Drew Barrymore', 'Rutger Hauer']",Newton Thomas Sigel,Stephen Mirrione,Alex Wurman,Miramax Films,,113 minutes,United States,English,$30 million,$33.1 million,113.0,30000000.0,33100000.0,2002-12-31,7.0,67,79%,"['Confessions of a Dangerous Mind', 'by', 'Chuck Barris']","['Mad Chance', 'Section Eight', ""Mel's Cite du Cinema"", 'JVS & Co.']","['December 31, 2002 ( 2002-12-31 ) (United States)']",,,,,,,,,,
27,The Battle of Shaker Heights,"['Efram Potelle', 'Kyle Rankin']",,,"['Chris Moore', 'Jeff Balis']","['Shia LaBeouf', 'Elden Henson', 'Amy Smart', 'Shiri Appleby', 'Kathleen Quinlan', 'William Sadler']",Thomas E. Ackerman,Richard Nord,Richard Marvin,Miramax Films,,77 minutes,United States,,$1 million,"$280,351",77.0,1000000.0,280351.0,2003-08-22,6.0,33,39%,,,"['August 22, 2003 ( 2003-08-22 )']",LivePlanet,Erica Beeney,,"['English', 'German']",,,,,,
28,Stuck on You,"['Peter Farrelly', 'Bobby Farrelly']","['Peter Farrelly', 'Bobby Farrelly']","['Bennett Yellin', 'Charles B. Wessler', 'Peter Farrelly', 'Bobby Farrelly']","['Peter Farrelly', 'Bobby Farrelly', 'Bradley Thomas', 'Charles B. Wessler']","['Matt Damon', 'Greg Kinnear', 'Eva Mendes', 'Seymour Cassel', 'Cher']",Dan Mindel,"['Christopher Greenbury', 'Dave Terman']",Charlie Gartner,20th Century Fox,,118 minutes,United States,English,$55 million,$65.8 million,118.0,55000000.0,65800000.0,2003-12-12,5.8,62,,,,"['December 12, 2003 ( 2003-12-12 )']",Conundrum Entertainment,,,,,,,,,
29,EuroTrip,Jeff Schaffer,,,"['Alec Berg', 'David Mandel', 'Daniel Goldberg', 'Jackie Marcus']","['Scott Mechlowicz', 'Jacob Pitts', 'Michelle Trachtenberg', 'Travis Wester']",David Eggby,Roger Bondelli,James L. Venable,DreamWorks Pictures,,92 minutes,United States,English,$25 million,$20.8 million,92.0,25000000.0,20800000.0,2004-02-20,6.6,45,,,,"['February 20, 2004 ( 2004-02-20 )']",The Montecito Picture Company,"['Jeff Schaffer', 'Alec Berg', 'David Mandel']",,,,,,,,
30,Jersey Girl,Kevin Smith,,,Scott Mosier,"['Ben Affleck', 'Liv Tyler', 'George Carlin', 'Stephen Root', 'Mike Starr', 'Raquel Castro', 'Jason Biggs', 'Jennifer Lopez']",Vilmos Zsigmond,"['Scott Mosier', 'Kevin Smith']",James L. Venable,Miramax Films,"['March 9, 2004 ( 2004-03-09 ) ( New York City )', 'March 26, 2004 ( 2004-03-26 ) (United States)']",102 minutes,United States,English,$35 million,$35.5 million,102.0,35000000.0,35500000.0,,6.2,43,43%,,,,View Askew Productions,Kevin Smith,,,,,,,,
31,The Bourne Supremacy,Paul Greengrass,Tony Gilroy,,"['Frank Marshall', 'Patrick Crowley', 'Paul L. Sandberg']","['Matt Damon', 'Franka Potente', 'Brian Cox', 'Julia Stiles', 'Karl Urban', 'Gabriel Mann', 'Joan Allen']",Oliver Wood,"['Christopher Rouse', 'Richard Pearson']",John Powell,Universal Pictures,,108 minutes,,English,$75 million,$290.6 million,108.0,75000000.0,290600000.0,2004-07-23,7.7,73,82%,"['The Bourne Supremacy', 'by', 'Robert Ludlum']","['Universal Pictures', 'Kennedy/Marshall', 'Ludlum Entertainment']","['July 23, 2004 ( 2004-07-23 )']",,,,,"['United States', 'Germany']",,,,,
32,Ocean's Twelve,Steven Soderbergh,,,Jerry Weintraub,"['George Clooney', 'Brad Pitt', 'Matt Damon', 'Catherine Zeta-Jones', 'Andy García', 'Don Cheadle', 'Bernie Mac', 'Julia Roberts', 'Casey Affleck', 'Scott Caan', 'Vincent Cassel', 'Eddie Jemison', 'Carl Reiner', 'Elliott Gould']",Peter Andrews,Stephen Mirrione,David Holmes,Warner Bros. Pictures,,125 minutes,United States,English,$110 million,$362.9 million,125.0,110000000.0,362900000.0,2004-12-10,6.5,58,55%,"['George Clayton Johnson', 'Jack Golden Russell']","['Village Roadshow Pictures', 'Jerry Weintraub Productions', 'Section Eight Productions']","['December 10, 2004 ( 2004-12-10 )']",,George Nolfi,,,,,,,,
33,Howard Zinn: You Can't Be Neutral on a Moving Train,,,,,"['Daniel Berrigan', 'Howard Zinn', 'Alice Walker']",,,Richard Martinez,First Run Features,,78 minutes,,English,,,78.0,,,,7.4,65,97%,,,['2004 ( 2004 )'],,,,,,Matt Damon,,,,
34,Magnificent Desolation: Walking on the Moon 3D,Mark Cowen,,,"['Mark Cowen', 'Tom Hanks', 'Gary Goetzman', 'Mark Herzog']","['Tom Hanks', 'Paul Newman', 'Morgan Freeman', 'Scott Glenn', 'Matt Damon', 'Gary Sinise', 'Bryan Cranston', 'Matthew McConaughey', 'John Travolta']",Sean MacLeod Phillips,Billy Shinski,Blake Neely,IMAX,,40 minutes,United States,English,$3 million,"$40,339,402",40.0,3000000.0,40339402.0,2005-09-23,,,,,,"September 23, 2005 ( 2005-09-23 )",Playtone,"['Mark Cowen', 'Tom Hanks', 'Christopher G. Cowen']",,,,,,,,
35,The Brothers Grimm,Terry Gilliam,,,"['Charles Roven', 'Daniel Bobker']","['Matt Damon', 'Heath Ledger', 'Peter Stormare', 'Lena Headey', 'Jonathan Pryce', 'Monica Bellucci']",Newton Thomas Sigel,Lesley Walker,Dario Marianelli,"['Dimension Films', '(United States; through', 'Miramax Films', ')', 'Bontonfilm', '(Czech Republic)', 'Miramax International (International; through', 'Buena Vista International', ')']","['26 August 2005 ( 2005-08-26 ) (United States)', '4 November 2005 ( 2005-11-04 ) (United Kingdom)', '11 November 2005 ( 2005-11-11 ) (Czech Republic)']",118 minutes,,,$80–88 million,$105.3 million,118.0,80000000.0,105300000.0,,5.9,51,38%,,"['Mosaic Media Group', 'Daniel Bobker Productions', 'Metro-Goldwyn-Mayer', 'Atlas Entertainment']",,,Ehren Kruger,,"['English', 'French', 'German', 'Italian']","['United States', 'United Kingdom', 'Czech Republic']",,,,,
36,Syriana,Stephen Gaghan,Stephen Gaghan,,"['Jennifer Fox', 'Michael Nozik', 'Georgia Kacandes']","['George Clooney', 'Matt Damon', 'Jeffrey Wright', 'Chris Cooper', 'William Hurt', 'Tim Blake Nelson', 'Amanda Peet', 'Christopher Plummer', 'Alexander Siddig', 'Mazhar Munir']",Robert Elswit,Tim Squyres,Alexandre Desplat,Warner Bros. Pictures,"['November 20, 2005 ( 2005-11-20 ) (New York City premiere)', 'November 23, 2005 ( 2005-11-23 ) (United States)']",128 minutes,United States,,$50 million,$94 million,128.0,50000000.0,94000000.0,,6.9,76,73%,"['See No Evil', 'by', 'Robert Baer']","['Participant Productions', 'Section Eight Productions']",,,,,"['English', 'Arabic', 'Urdu', 'Persian', 'Chinese', 'French']",,,,,,
37,Feast,John Gulager,,,"['Michael Leahy', 'Joel Soisson', 'Larry Tanz', 'Andrew Jameson']","['Balthazar Getty', 'Krista Allen', 'Navi Rawat', 'Josh Zuckerman', 'Jenny Wade', 'Henry Rollins', 'Duane Whitaker', 'Clu Gulager', 'Judah Friedlander', 'Eileen Ryan', 'Eric Dane']",Thomas L. Callaway,Kirk M. Morri,Stephen Edwards,Dimension Films,"['October 14, 2005 ( 2005-10-14 ) ( CIFF )', 'September 22, 2006 ( 2006-09-22 ) ( Limited )']",87 minutes,United States,English,$3.2 million,"$658,573",87.0,3200000.0,658573.0,,6.2,43,55%,,"['LivePlanet', 'Maloof Motion Pictures', 'Neo Art & Logic']",,,"['Patrick Melton', 'Marcus Dunstan']",,,,,,,,
38,The Departed,Martin Scorsese,William Monahan,,"['Brad Pitt', 'Brad Grey', 'Gianni Nunnari', 'Graham King']","['Leonardo DiCaprio', 'Matt Damon', 'Jack Nicholson', 'Mark Wahlberg', 'Martin Sheen', 'Ray Winstone', 'Vera Farmiga', 'Alec Baldwin']",Michael Ballhaus,Thelma Schoonmaker,Howard Shore,Warner Bros. Pictures,"['September 26, 2006 ( 2006-09-26 ) ( Ziegfeld Theatre )', 'October 6, 2006 ( 2006-10-06 ) (United States)']",151 minutes,United States,English,$90 million,$291.5 million,151.0,90000000.0,291500000.0,,8.5,85,90%,"['Infernal Affairs', 'by', 'Alan Mak', '&', 'Felix Chong']","['Plan B Entertainment', 'Initial Entertainment Group', 'Vertigo Entertainment', 'Media Asia Films']",,,,,,,,,,,
39,The Good Shepherd,Robert De Niro,,,"['James G. Robinson', 'Jane Rosenthal', 'Robert De Niro']","['Matt Damon', 'Angelina Jolie', 'Alec Baldwin', 'Michael Gambon', 'Tammy Blanchard', 'Billy Crudup', 'Keir Dullea', 'Martina Gedeck', 'William Hurt', 'Timothy Hutton', 'Lee Pace', 'Eddie Redmayne', 'John Sessions', 'Oleg Stefan', 'Joe Pesci', 'John Turturro', 'Robert De Niro']",Robert Richardson,Tariq Anwar,"['Bruce Fowler', 'Marcelo Zarvos']",Universal Pictures,,167 minutes,United States,English,$80 million,$100.3 million,167.0,80000000.0,100300000.0,2006-12-22,6.7,61,56%,,"['Morgan Creek Productions', 'TriBeCa Productions', 'American Zoetrope']","['December 22, 2006 ( 2006-12-22 )']",,Eric Roth,,,,,,,,
40,Ocean's Thirteen,Steven Soderbergh,,,Jerry Weintraub,"['George Clooney', 'Brad Pitt', 'Matt Damon', 'Andy García', 'Don Cheadle', 'Bernie Mac', 'Ellen Barkin', 'Al Pacino', 'Casey Affleck', 'Scott Caan', 'Eddie Jemison', 'Qin Shaobo', 'Carl Reiner', 'Elliott Gould']",Peter Andrews,Stephen Mirrione,David Holmes,Warner Bros. Pictures,"['May 24, 2007 ( 2007-05-24 ) ( Cannes )', 'June 8, 2007 ( 2007-06-08 ) (United States)']",122 minutes,United States,English,$85 million,$311.7 million,122.0,85000000.0,311700000.0,,6.9,62,70%,"['George Clayton Johnson', 'Jack Golden Russell']","['Village Roadshow Pictures', 'Jerry Weintraub Productions', 'Section Eight Productions']",,,"['Brian Koppelman', 'David Levien']",,,,,,,,
41,The Bourne Ultimatum,Paul Greengrass,"['Tony Gilroy', 'Scott Z. Burns', 'George Nolfi']",Tony Gilroy,"['Frank Marshall', 'Patrick Crowley', 'Paul L. Sandberg']","['Matt Damon', 'Julia Stiles', 'David Strathairn', 'Scott Glenn', 'Paddy Considine', 'Édgar Ramírez', 'Albert Finney', 'Joan Allen']",Oliver Wood,Christopher Rouse,John Powell,Universal Pictures,"['July 25, 2007 ( 2007-07-25 ) ( ArcLight Hollywood )', 'August 3, 2007 ( 2007-08-03 ) (United States)']",115 minutes,,English,$110 million,$444.1 million,115.0,110000000.0,444100000.0,,8.0,85,92%,"['The Bourne Ultimatum', 'by', 'Robert Ludlum']","['Universal Pictures', 'Kennedy/Marshall', 'Ludlum Entertainment']",,,,,,"['Germany', 'United States']",,,,,
42,Youth Without Youth,Francis Ford Coppola,Francis Ford Coppola,,Francis Ford Coppola,"['Tim Roth', 'Bruno Ganz', 'Alexandra Maria Lara', 'André Hennicke', 'Marcel Iureș', 'Adrian Pintea']",Mihai Mălaimare Jr.,Walter Murch,Osvaldo Golijov,"['Sony Pictures Classics', '(US/Germany)', 'Pathé Distribution', '(France and United Kingdom)', 'BIM Distribuzione', '(Italy)']","['October 20, 2007 ( 2007-10-20 ) (Rome Film Festival)', 'October 26, 2007 ( 2007-10-26 ) (Italy)', 'November 14, 2007 ( 2007-11-14 ) (France)', 'December 14, 2007 ( 2007-12-14 ) (US)', 'July 10, 2008 ( 2008-07-10 ) (Germany)']",124 minutes,,,,$2.6 million,124.0,,2600000.0,,6.1,43,33%,"['Youth Without Youth', 'by', 'Mircea Eliade']",,,American Zoetrope,,,"['English', 'Sanskrit', 'German', 'French', 'Italian', 'Russian', 'Romanian', 'Mandarin', 'Latin', 'Armenian', 'Egyptian']","['United States', 'Romania', 'France', 'Italy', 'Germany']",,,,,
43,Running the Sahara,,,,"['Rick Eldridge', 'Marc Joubert', 'James Moll', 'Keith Quinn', 'Larry Tanz', 'Michael Rosen']",,Harris Done,Ricky Kreitman,,,,102 minutes,United States,English,,,102.0,,,,7.1,N/A,,,,2007,,,,,,Matt Damon,,,,
44,Che,Steven Soderbergh,,,"['Laura Bickford', 'Benicio del Toro']",Benicio del Toro,Peter Andrews,Pablo Zumárraga,Alberto Iglesias,"['Morena Films', '20th Century Fox', '(Spain)', 'Wild Bunch', '(Germany, Austria and Netherlands)', 'Warner Bros. Pictures', '(France)', 'IFC Films', '(United States)']","['21 May 2008 ( 2008-05-21 ) ( Cannes )', '5 September 2008 ( 2008-09-05 ) (Spain: The Argentine )', '12 December 2008 ( 2008-12-12 ) (United States)', '7 January 2009 ( 2009-01-07 ) (France: The Argentine )', '27 January 2009 ( 2009-01-27 ) (France: Guerrilla )', '27 February 2009 ( 2009-02-27 ) (Spain: Guerrilla )']",257 minutes,,,US$58 million,US$42.8 million,257.0,58000000.0,42800000.0,,6.0,N/A,,,"['Telecinco Cinema', 'Wild Bunch', 'Section Eight Productions']",,,"['Peter Buchman', 'Benjamin A. van der Veen', 'Terrence Malick']",,"['Spanish', 'English']","['Spain', 'Germany', 'France', 'United States']",,,,,
45,Ponyo,Hayao Miyazaki,,,Toshio Suzuki,"['Tomoko Yamaguchi', 'Kazushige Nagashima', 'Yūki Amami', 'George Tokoro', 'Yuria Nara', 'Hiroki Doi', 'Rumi Hiiragi', 'Akiko Yano', 'Kazuko Yoshiyuki', 'Tomoko Naraoka']",Atsushi Okui,Takeshi Seyama,Joe Hisaishi,Toho,,101 minutes,Japan,Japanese,"['¥', '3.4 billion', '(', 'US$', '34 million)']",US$ 204.8 million,101.0,,,2008-07-19,7.6,86,91%,"['The Little Mermaid', 'by', 'Hans Christian Andersen']",,"['July 19, 2008 ( 2008-07-19 )']",Studio Ghibli,Hayao Miyazaki,,,,,崖の上のポニョ,Gake no Ue no Ponyo,,
46,The Informant!,Steven Soderbergh,Scott Z. Burns,,"['Gregory Jacobs', 'Jennifer Fox', 'Michael Jaffe', 'Howard Braunstein', 'Kurt Eichenwald']","['Matt Damon', 'Scott Bakula', 'Joel McHale', 'Melanie Lynskey']",Peter Andrews,Stephen Mirrione,Marvin Hamlisch,Warner Bros. Pictures,,108 minutes,United States,English,$22 million,$41.8 million,108.0,22000000.0,41800000.0,2009-09-18,6.5,66,79%,"['The Informant', 'by', 'Kurt Eichenwald']","['Participant Media', 'Groundswell Productions', 'Section Eight']","['September 18, 2009 ( 2009-09-18 )']",,,,,,,,,,
47,Invictus,Clint Eastwood,Anthony Peckham,,"['Clint Eastwood', 'Lori McCreary', 'Robert Lorenz', 'Mace Neufeld']","['Morgan Freeman', 'Matt Damon']",Tom Stern,"['Joel Cox', 'Gary D. Roach']","['Kyle Eastwood', 'Michael Stevens']",Warner Bros. Pictures,,133 minutes,,,$50–60 million,$122.2 million,133.0,50000000.0,122200000.0,2009-12-11,7.3,74,76%,"['Playing the Enemy: Nelson Mandela and the Game that Made a Nation', '2008 book', 'by', 'John Carlin']","['Spyglass Entertainment', 'Malpaso Productions', 'Revelations Entertainment', 'Mace Neufeld Productions', 'Liberty Pictures']","['December 11, 2009 ( 2009-12-11 )']",,,,"['Afrikaans', 'English', 'Māori', 'Southern Sotho', 'Xhosa', 'Zulu']","['South Africa', 'United States']",,,,,
48,Green Zone,Paul Greengrass,,,"['Tim Bevan', 'Eric Fellner', 'Lloyd Levin', 'Paul Greengrass']","['Matt Damon', 'Greg Kinnear', 'Brendan Gleeson', 'Amy Ryan', 'Khalid Abdalla', 'Jason Isaacs']",Barry Ackroyd,Christopher Rouse,John Powell,"['Universal Pictures (International)', 'StudioCanal (France)']","['February 26, 2010 ( 2010-02-26 ) ( YIFFF )', 'March 12, 2010 ( 2010-03-12 ) (United States and United Kingdom)']",115 minutes,,,$100 million,$94.9 million,115.0,100000000.0,94900000.0,,6.8,63,53%,"['Imperial Life in the Emerald City', 'by', 'Rajiv Chandrasekaran']","['Working Title Films', 'StudioCanal', 'Relativity Media', 'Antena 3 Films', 'Dentsu']",,,Brian Helgeland,,"['English', 'Arabic']","['France', 'Spain', 'United States', 'United Kingdom']",,,,,
49,Hereafter,Clint Eastwood,,,"['Clint Eastwood', 'Kathleen Kennedy', 'Robert Lorenz']","['Matt Damon', 'Cécile de France']",Tom Stern,"['Joel Cox', 'Gary D. Roach']",Clint Eastwood,Warner Bros. Pictures,"['September 12, 2010 ( 2010-09-12 ) ( TIFF )', 'October 22, 2010 ( 2010-10-22 ) (United States)']",129 minutes,United States,,$50 million,$107 million,129.0,50000000.0,107000000.0,,6.5,56,47%,,"['The Kennedy/Marshall Company', 'Malpaso Productions', 'Amblin Entertainment']",,,Peter Morgan,,"['English', 'French']",,,,,,
50,True Grit,"['Joel Coen', 'Ethan Coen']",,,"['Joel Coen', 'Ethan Coen', 'Scott Rudin']","['Jeff Bridges', 'Matt Damon', 'Josh Brolin', 'Hailee Steinfeld', 'Barry Pepper']",Roger Deakins,Roderick Jaynes,Carter Burwell,Paramount Pictures,,110 minutes,United States,English,$35–38 million,$252.3 million,110.0,35000000.0,252300000.0,2010-12-22,7.6,80,95%,"['True Grit', 'by', 'Charles Portis']","['Skydance Productions', 'Mike Zoss Productions', 'Scott Rudin Productions']","['December 22, 2010 ( 2010-12-22 ) (United States)']",,"['Joel Coen', 'Ethan Coen']",,,,,,,,
51,Inside Job,Charles Ferguson,,,"['Audrey Marrs', 'Charles Ferguson']",,"['Svetlana Cvetko', 'Kalyanee Mam']","['Chad Beck', 'Adam Bolt']",Alex Heffes,Sony Pictures Classics,"['May 16, 2010 ( 2010-05-16 ) ( Cannes )', 'October 8, 2010 ( 2010-10-08 ) (United States)']",108 minutes,United States,English,$2 million,$7.9 million,108.0,2000000.0,7900000.0,,8.2,88,98%,,,,,,,,,Matt Damon,,,,
52,The Adjustment Bureau,George Nolfi,George Nolfi,,"['Michael Hackett', 'George Nolfi', 'Bill Carraro', 'Chris Moore']","['Matt Damon', 'Emily Blunt', 'Anthony Mackie', 'John Slattery', 'Michael Kelly', 'Terence Stamp']",John Toll,Jay Rabinowitz,Thomas Newman,Universal Pictures,"['February 14, 2011 ( 2011-02-14 ) ( Ziegfeld Theatre )', 'March 4, 2011 ( 2011-03-04 ) (United States)']",106 minutes,United States,English,$50.2 million,$127.9 million,106.0,50200000.0,127900000.0,,7.0,60,71%,"['""', 'Adjustment Team', '""', 'by', 'Philip K. Dick']","['Media Rights Capital', 'Gambit Pictures', 'Electric Shepherd Productions']",,,,,,,,,,,
53,Contagion,Steven Soderbergh,,,"['Michael Shamberg', 'Stacey Sher', 'Gregory Jacobs']","['Marion Cotillard', 'Matt Damon', 'Laurence Fishburne', 'Jude Law', 'Gwyneth Paltrow', 'Kate Winslet', 'Bryan Cranston', 'Jennifer Ehle', 'Sanaa Lathan']",Peter Andrews,Stephen Mirrione,Cliff Martinez,Warner Bros. Pictures,"['September 3, 2011 ( 2011-09-03 ) ( Venice )', 'September 9, 2011 ( 2011-09-09 ) (United States)']",106 minutes,United States,English,$60 million,$136.5 million,106.0,60000000.0,136500000.0,,6.8,70,85%,,"['Participant Media', 'Imagenation Abu Dhabi', 'Double Feature Films']",,,Scott Z. Burns,,,,,,,,
54,Margaret,Kenneth Lonergan,,,"['Sydney Pollack', 'Gary Gilbert', 'Scott Rudin']","['Anna Paquin', 'J. Smith-Cameron', 'Jean Reno', 'Allison Janney', 'Matthew Broderick', 'Mark Ruffalo', 'Matt Damon', 'Jeannie Berlin', 'Kieran Culkin']",Ryszard Lenczewski,"['Anne McCabe', 'Michael Fay']",Nico Muhly,Fox Searchlight Pictures,,"['150 minutes', '186 minutes', '(', 'Extended cut', ')']",United States,English,$14 million,"$623,292",150.0,14000000.0,623292.0,2011-09-30,6.5,61,75%,,"['Camelot Pictures', 'Gilbert Films', 'Mirage Enterprises', 'Scott Rudin Productions']","['September 30, 2011 ( 2011-09-30 )']",,Kenneth Lonergan,,,,,,,,
55,Happy Feet Two,George Miller,,,"['George Miller', 'Bill Miller', 'Doug Mitchell']","['Elijah Wood', 'Robin Williams', 'Hank Azaria', 'P!nk', 'Brad Pitt', 'Matt Damon', 'Richard Carter', 'Common', 'Sofia Vergara', 'Magda Szubanski', 'Hugo Weaving', 'Anthony LaPaglia']","['David Dulac', 'David Peers']",Christian Gazal,John Powell,"['Warner Bros. Pictures (International)', 'Roadshow Entertainment (Australia & New Zealand)']","[""November 13, 2011 ( 2011-11-13 ) ( Grauman's Chinese Theatre )"", 'November 18, 2011 ( 2011-11-18 ) (United States)', 'December 26, 2011 ( 2011-12-26 ) (Australia)']",100 minutes,,English,$135 million,$150.4 million,100.0,135000000.0,150400000.0,,5.8,50,45%,,"['Village Roadshow Pictures', 'Kennedy Miller Mitchell', 'Dr. D Studios']",,,"['George Miller', 'Gary Eck', 'Warren Coleman', 'Paul Livingston']",,,"['Australia', 'United States']",,,,,
56,We Bought a Zoo,Cameron Crowe,"['Aline Brosh McKenna', 'Cameron Crowe']",,"['Julie Yorn', 'Cameron Crowe', 'Marc Gordon']","['Matt Damon', 'Scarlett Johansson', 'Thomas Haden Church', 'Colin Ford', 'Elle Fanning', 'Maggie Elizabeth Jones', 'Patrick Fugit', 'John Michael Higgins']",Rodrigo Prieto,Mark Livolsi,Jónsi,20th Century Fox,"['December 12, 2011 ( 2011-12-12 ) ( Ziegfeld Theatre )', 'December 21, 2011 ( 2011-12-21 ) (United States)']",124 minutes,United States,English,$50 million,$120.1 million,124.0,50000000.0,120100000.0,,7.1,58,65%,"['We Bought a Zoo', 'by Benjamin Mee']","['Vinyl Films', 'LBI Entertainment', 'Dune Entertainment']",,,,,,,,,,,
57,Promised Land,Gus Van Sant,"['John Krasinski', 'Matt Damon']",Dave Eggers,"['Chris Moore', 'Matt Damon', 'John Krasinski']","['Matt Damon', 'John Krasinski', 'Frances McDormand', 'Rosemarie DeWitt', 'Hal Holbrook']",Linus Sandgren,Billy Rich,Danny Elfman,Focus Features,"['December 4, 2012 ( 2012-12-04 ) ( New York City )', 'December 28, 2012 ( 2012-12-28 ) (United States)']",106 minutes,United States,English,$15 million,$12.3 million,106.0,15000000.0,12300000.0,,6.6,55,53%,,"['Participant Media', 'Image Nation Abu Dhabi', 'Pearl Street Films', 'Sunday Night Productions']",,,,,,,,,,,
58,Elysium,Neill Blomkamp,,,"['Bill Block', 'Neill Blomkamp', 'Simon Kinberg']","['Matt Damon', 'Jodie Foster', 'Sharlto Copley', 'Alice Braga', 'Diego Luna', 'Wagner Moura', 'William Fichtner']",Trent Opaloch,"['Julian Clarke', 'Lee Smith']",Ryan Amon,Sony Pictures Releasing,"['August 7, 2013 ( 2013-08-07 ) (Taiwan)', 'August 9, 2013 ( 2013-08-09 ) (United States)']",109 minutes,United States,English,$115 million,$286.1 million,109.0,115000000.0,286100000.0,,6.6,61,64%,,"['TriStar Pictures', 'Media Rights Capital', 'QED International', 'Alphacore', 'Kinberg Genre']",,,Neill Blomkamp,,,,,,,,
59,The Zero Theorem,Terry Gilliam,,,"['Nicolas Chartier', 'Dean Zanuck']","['Christoph Waltz', 'David Thewlis', 'Mélanie Thierry', 'Lucas Hedges']",Nicola Pecorini,Mick Audsley,George Fenton,Stage 6 Films,"['2 September 2013 ( 2013-09-02 ) ( Venice )', '14 March 2014 ( 2014-03-14 ) (United Kingdom)']",106 minutes,,,$8.5–13.5 million,$1.2 million,106.0,8500000.0,1200000.0,,6.0,50,48%,,"['MediaPro Studios', 'Voltage Pictures', 'Zanuck Independent', 'A&E Productions']",,,Pat Rushin,,"['English', 'Romanian']","['United Kingdom', 'Romania', 'France']",,,,,
60,The Monuments Men,George Clooney,,,"['George Clooney', 'Grant Heslov']","['George Clooney', 'Matt Damon', 'Bill Murray', 'John Goodman', 'Jean Dujardin', 'Bob Balaban', 'Hugh Bonneville', 'Cate Blanchett']",Phedon Papamichael,Stephen Mirrione,Alexandre Desplat,"['Sony Pictures Releasing (North America)', '20th Century Fox (International)']","['February 7, 2014 ( 2014-02-07 ) (United States)', 'February 20, 2014 ( 2014-02-20 ) (Germany)']",118 minutes,,English,$70–91 million,$155 million,118.0,70000000.0,155000000.0,,6.1,52,31%,"['The Monuments Men', 'by', 'Robert M. Edsel', 'with', 'Bret Witter']","['Columbia Pictures', 'Fox 2000 Pictures', 'Smokehouse Pictures', 'Studio Babelsberg']",,,"['George Clooney', 'Grant Heslov']",,,"['Germany', 'United States']",,,,,
61,The Man Who Saved the World,Peter Anthony,,,Jakob Staberg,"['Stanislav Petrov', 'Galina Kalinina', 'Sergey Shnyryov', '[', 'ru', ']', 'Kevin Costner']","['Kim Hattesen', 'Anders Löfstedt']",Morten Højbjerg,Kristian Eidnes Andersen,Syndicado,,110 minutes,Denmark,,,,110.0,,,2013-04-27,4.4,N/A,,,"['Statement Film', 'Light Cone Pictures', 'Studio Mao (in association with)']",['27 April 2013 ( 2013-04-27 ) (Hot Docs)'],,Peter Anthony,,English and Russian,,,,,,
62,Interstellar,Christopher Nolan,,,"['Emma Thomas', 'Christopher Nolan', 'Lynda Obst']","['Matthew McConaughey', 'Anne Hathaway', 'Jessica Chastain', 'Bill Irwin', 'Ellen Burstyn', 'Michael Caine']",Hoyte van Hoytema,Lee Smith,Hans Zimmer,"['Paramount Pictures (North America)', 'Warner Bros. Pictures (International)']","['October 26, 2014 ( 2014-10-26 ) ( TCL Chinese Theatre )', 'November 5, 2014 ( 2014-11-05 ) (United States)', 'November 7, 2014 ( 2014-11-07 ) (United Kingdom)']",169 minutes,,English,$165 million,$773.8 million,169.0,165000000.0,773800000.0,,8.6,74,73%,,"['Legendary Pictures', 'Syncopy', 'Lynda Obst Productions']",,,"['Jonathan Nolan', 'Christopher Nolan']",,,"['United Kingdom', 'United States']",,,,,
63,The Martian,Ridley Scott,Drew Goddard,,"['Simon Kinberg', 'Ridley Scott', 'Michael Schaefer', 'Mark Huffam']","['Matt Damon', 'Jessica Chastain', 'Kristen Wiig', 'Jeff Daniels', 'Michael Peña', 'Kate Mara', 'Sean Bean', 'Sebastian Stan', 'Aksel Hennie', 'Chiwetel Ejiofor']",Dariusz Wolski,Pietro Scalia,Harry Gregson-Williams,20th Century Fox,"['September 11, 2015 ( 2015-09-11 ) ( TIFF )', 'September 30, 2015 ( 2015-09-30 ) (United Kingdom)', 'October 2, 2015 ( 2015-10-02 ) (United States)']",141 minutes,,English,$108 million,$630.6 million,141.0,108000000.0,630600000.0,,8.0,80,91%,"['The Martian', '2011 novel', 'by', 'Andy Weir']","['Scott Free Productions', 'Kinberg Genre', 'TSG Entertainment']",,,,,,"['United Kingdom', 'United States']",,,,,
64,Manchester by the Sea,Kenneth Lonergan,,,"['Matt Damon', 'Kimberly Steward', 'Chris Moore', 'Lauren Beck', 'Kevin J. Walsh']","['Casey Affleck', 'Michelle Williams', 'Kyle Chandler', 'Lucas Hedges']",Jody Lee Lipes,Jennifer Lame,Lesley Barber,"['Amazon Studios', 'Roadside Attractions']","['January 23, 2016 ( 2016-01-23 ) ( Sundance )', 'November 18, 2016 ( 2016-11-18 ) (United States)']",137 minutes,United States,English,$9 million,$79 million,137.0,9000000.0,79000000.0,,7.8,96,96%,,"['K Period Media', 'Pearl Street Films', 'The Media Farm', 'The Affleck / Middleton Project', 'B Story']",,,Kenneth Lonergan,,,,,,,,
65,Jason Bourne,Paul Greengrass,,,"['Frank Marshall', 'Jeffrey M. Weiner', 'Ben Smith', 'Matt Damon', 'Paul Greengrass', 'Gregory Goodman']","['Matt Damon', 'Tommy Lee Jones', 'Alicia Vikander', 'Vincent Cassel', 'Julia Stiles', 'Riz Ahmed']",Barry Ackroyd,Christopher Rouse,"['John Powell', 'David Buckley']",Universal Pictures,"['July 11, 2016 ( 2016-07-11 ) ( Odeon Leicester Square )', 'July 29, 2016 ( 2016-07-29 ) (United States)']",123 minutes,United States,English,$120 million,$415.5 million,123.0,120000000.0,415500000.0,,6.6,58,54%,"['Characters', 'by', 'Robert Ludlum']","['Perfect World Pictures', 'Kennedy/Marshall', 'Captivate Entertainment', 'Pearl Street']",,,"['Paul Greengrass', 'Christopher Rouse']",,,,,,,,
66,The Great Wall,Zhang Yimou,"['Carlo Bernard', 'Doug Miro', 'Tony Gilroy']","['Max Brooks', 'Edward Zwick', 'Marshall Herskovitz']","['Thomas Tull', 'Charles Roven', 'Jon Jashni', 'Peter Loehr']","['Matt Damon', 'Jing Tian', 'Pedro Pascal', 'Willem Dafoe', 'Andy Lau']","['Stuart Dryburgh', 'Zhao Xiaoding']","['Mary Jo Markey', 'Craig Wood']",Ramin Djawadi,"['China Film Group (China)', 'Universal Pictures (United States)', 'United International Pictures (International)']","['December 6, 2016 ( 2016-12-06 ) ( Beijing )', 'December 16, 2016 ( 2016-12-16 ) (China)', 'February 17, 2017 ( 2017-02-17 ) (United States)', 'April 14, 2017 ( 2017-04-14 ) (Japan)']",103 minutes,,,$150 million,$334.9 million,103.0,150000000.0,334900000.0,,5.9,42,35%,,"['Legendary Pictures', 'Legendary East', 'Universal Pictures', 'Atlas Entertainment', 'China Film Group', 'Le Vision Pictures', 'Dentsu', 'Fuji TV']",,,,,"['English', 'Mandarin']","['China', 'United States', 'Japan']",,,,长城,Cháng Chéng
67,Bending the Arc,"Kief Davidson, Pedro Kos",,,"Cori Shepherd Stern, Executive producers: Matt Damon and Ben Affleck","Jim Yong Kim , Paul Farmer , Ophelia Dahl , Agnes Binagwaho","David Murdock, Guy Mossman, Joshua Dreyfus","Pedro Kos, Yuki Aizawa",,,,102 minutes,United States,English,,,102.0,,,2017-01-23,8.1,80,100%,,,"['January 23, 2017 ( 2017-01-23 ) (Sundance)']",Impact Partners,Cori Shepherd Stern,,,,,,,,
68,Downsizing,Alexander Payne,,,"['Mark Johnson', 'Alexander Payne', 'Jim Taylor']","['Matt Damon', 'Christoph Waltz', 'Hong Chau', 'Kristen Wiig']",Phedon Papamichael,Kevin Tent,Rolfe Kent,Paramount Pictures,"['August 30, 2017 ( 2017-08-30 ) ( Venice )', 'December 22, 2017 ( 2017-12-22 ) (United States)']",135 minutes,United States,English,$68–76 million,$55 million,135.0,68000000.0,55000000.0,,5.8,63,47%,,"['Ad Hominem Enterprises', 'Gran Via Productions']",,,"['Alexander Payne', 'Jim Taylor']",,,,,,,,
69,Suburbicon,George Clooney,,,"['George Clooney', 'Grant Heslov', 'Teddy Schwarzman']","['Matt Damon', 'Julianne Moore', 'Noah Jupe', 'Oscar Isaac']",Robert Elswit,Stephen Mirrione,Alexandre Desplat,"['Paramount Pictures (North America)', 'Bloom (International)']","['September 2, 2017 ( 2017-09-02 ) ( Venice )', 'October 27, 2017 ( 2017-10-27 ) (United States)']",105 minutes,United States,English,$25 million,$12.8 million,105.0,25000000.0,12800000.0,,5.7,42,,,"['Paramount Pictures', 'Black Bear Pictures', 'Dark Castle Entertainment', 'Silver Pictures', 'Smokehouse Pictures']",,,"['Joel Coen Ethan Coen', 'George Clooney', 'Grant Heslov']",,,,,,,,
70,Thor: Ragnarok,Taika Waititi,,,Kevin Feige,"['Chris Hemsworth', 'Tom Hiddleston', 'Cate Blanchett', 'Idris Elba', 'Jeff Goldblum', 'Tessa Thompson', 'Karl Urban', 'Mark Ruffalo', 'Anthony Hopkins']",Javier Aguirresarobe,"['Joel Negron', 'Zene Baker']",Mark Mothersbaugh,"['Walt Disney Studios', 'Motion Pictures']","['October 10, 2017 ( 2017-10-10 ) ( El Capitan Theatre )', 'November 3, 2017 ( 2017-11-03 ) (United States)']",130 minutes,United States,English,$180 million,$854 million,130.0,180000000.0,854000000.0,,7.9,74,93%,"['Stan Lee', 'Larry Lieber', 'Jack Kirby']",,,Marvel Studios,"['Eric Pearson', 'Craig Kyle', 'Christopher L. Yost']",,,,,,,,
71,Unsane,Steven Soderbergh,,,Joseph Malloch,"['Claire Foy', 'Joshua Leonard', 'Jay Pharoah', 'Juno Temple', 'Aimee Mullins', 'Amy Irving']","['Steven Soderbergh', '(as Peter Andrews)']","['Steven Soderbergh', '(as Mary Ann Bernard)']",David Wilder Savage,"['Fingerprint Releasing', 'Bleecker Street (United States)', '20th Century Fox (International)']","['February 21, 2018 ( 2018-02-21 ) ( Berlinale )', 'March 23, 2018 ( 2018-03-23 ) (United States)']",98 minutes,United States,English,$1.5 million,$14.3 million,98.0,1500000.0,14300000.0,,6.4,63,80%,,"['Regency Enterprises', 'Fingerprint Releasing', 'Extension 765']",,,"['Jonathan Bernstein', 'James Greer']",,,,,,,,
72,Deadpool 2,David Leitch,,,"['Simon Kinberg', 'Ryan Reynolds', 'Lauren Shuler Donner']","['Ryan Reynolds', 'Josh Brolin', 'Morena Baccarin', 'Julian Dennison', 'Zazie Beetz', 'T.J. Miller', 'Brianna Hildebrand', 'Jack Kesy']",Jonathan Sela,"['Dirk Westervelt', 'Craig Alpert', 'Elísabet Ronaldsdóttir']",Tyler Bates,20th Century Fox,"['May 10, 2018 ( 2018-05-10 ) ( Leicester Square )', 'May 18, 2018 ( 2018-05-18 ) (United States)']",119 minutes,United States,English,$110 million,$785.8 million,119.0,110000000.0,785800000.0,,7.7,66,84%,"['Fabian Nicieza', 'Rob Liefeld']","['20th Century Fox', 'Marvel Entertainment', 'Kinberg Genre', 'Maximum Effort', ""The Donners' Company"", 'TSG Entertainment']",,,"['Rhett Reese', 'Paul Wernick', 'Ryan Reynolds']",,,,,,,,
73,Ocean's 8,Gary Ross,"['Gary Ross', 'Olivia Milch']",Gary Ross,"['Steven Soderbergh', 'Susan Ekins']","['Sandra Bullock', 'Cate Blanchett', 'Anne Hathaway', 'Mindy Kaling', 'Sarah Paulson', 'Awkwafina', 'Rihanna', 'Helena Bonham Carter']",Eigil Bryld,Juliette Welfling,Daniel Pemberton,Warner Bros. Pictures,"['June 5, 2018 ( 2018-06-05 ) ( Alice Tully Hall )', 'June 8, 2018 ( 2018-06-08 ) (United States)']",110 minutes,United States,English,$70 million,$297.8 million,110.0,70000000.0,297800000.0,,7.1,N/A,,"['George Clayton Johnson', 'Jack Golden Russell']","['Warner Bros. Pictures', 'Village Roadshow Pictures', 'Smokehouse Pictures', 'Larger Than Life Productions']",,,,,,,,,,,
74,Ford v Ferrari,James Mangold,,,"['Peter Chernin', 'Jenno Topping', 'James Mangold']","['Matt Damon', 'Christian Bale', 'Jon Bernthal', 'Caitríona Balfe', 'Tracy Letts', 'Josh Lucas']",Phedon Papamichael,"['Michael McCusker', 'Andrew Buckland']","['Marco Beltrami', 'Buck Sanders']",20th Century Fox,"['August 30, 2019 ( 2019-08-30 ) ( Telluride )', 'November 15, 2019 ( 2019-11-15 ) (United States)']",152 minutes,United States,English,$97.6 million,$225.5 million,152.0,97600000.0,225500000.0,,8.1,81,92%,,"['Chernin Entertainment', 'TSG Entertainment', 'Turnpike Films']",,,"['Jez Butterworth', 'John-Henry Butterworth', 'Jason Keller']",,,,,,,,
75,Jay and Silent Bob Reboot,Kevin Smith,,,"['Jordan Monsanto', 'Destro']","['Jason Mewes', 'Kevin Smith']",Yaron Levy,Kevin Smith,James L. Venable,"['Saban Films (United States)', 'Universal Pictures Home Entertainment (International)']",,105 minutes,United States,English,$10 million,$4.7 million,105.0,10000000.0,4700000.0,2019-10-15,5.6,46,64%,"['Jay and Silent Bob', 'by', 'Kevin Smith']","['View Askew Productions', 'Miramax', 'Destro Films', 'Mewesings', 'SMODCO', 'Hideout Pictures', 'Intercut Capital', 'Skit Bags Entertainment']","['October 15, 2019 ( 2019-10-15 ) (United States)']",,Kevin Smith,,,,,,,,
76,No Sudden Move,Steven Soderbergh,,,Casey Silver,"['Don Cheadle', 'Benicio del Toro', 'David Harbour', 'Jon Hamm', 'Amy Seimetz', 'Brendan Fraser', 'Kieran Culkin', 'Noah Jupe', 'Craig muMs Grant', 'Julia Fox', 'Frankie Shaw', 'Ray Liotta', 'Bill Duke']",Peter Andrews,Mary Ann Bernard,David Holmes,Warner Bros. Pictures,"['June 18, 2021 ( 2021-06-18 ) ( Tribeca Film Festival )', 'July 1, 2021 ( 2021-07-01 ) (United States)']",115 minutes,United States,English,,,115.0,,,,6.4,76,92%,,,,Warner Bros. Pictures,Ed Solomon,,,,,,,,
77,Stillwater,Tom McCarthy,,,"['Steve Golin', 'Tom McCarthy', 'Jonathan King', 'Liza Chasin']","['Matt Damon', 'Camille Cottin', 'Abigail Breslin']",Masanobu Takayanagi,Tom McArdle,Mychael Danna,Focus Features,"['July 8, 2021 ( 2021-07-08 ) ( Cannes )', 'July 30, 2021 ( 2021-07-30 ) (United States)']",140 minutes,United States,,$20 million,$19.8 million,140.0,20000000.0,19800000.0,,6.6,60,75%,,"['Participant', 'DreamWorks Pictures', 'Slow Pony', 'Anonymous Content', '3dot Productions', 'Supernatural Pictures']",,,"['Tom McCarthy', 'Marcus Hinchey', 'Thomas Bidegain', 'Noé Debré']",,"['English', 'French']",,,,,,
78,The Last Duel,Ridley Scott,"['Nicole Holofcener', 'Ben Affleck', 'Matt Damon']",,"['Ridley Scott', 'Kevin J. Walsh', 'Jennifer Fox', 'Nicole Holofcener', 'Matt Damon', 'Ben Affleck']","['Matt Damon', 'Adam Driver', 'Jodie Comer', 'Ben Affleck']",Dariusz Wolski,Claire Simpson,Harry Gregson-Williams,20th Century Studios,"['September 10, 2021 ( 2021-09-10 ) ( Venice )', 'October 15, 2021 ( 2021-10-15 ) (United Kingdom and United States)']",153 minutes,,English,$100 million,$30.6 million,153.0,100000000.0,30600000.0,,7.4,67,85%,"['The Last Duel: A True Story of Crime, Scandal, and Trial by Combat in Medieval France', 'by', 'Eric Jager']","['Scott Free Productions', 'Pearl Street Films', 'TSG Entertainment']",,,,,,"['United Kingdom', 'United States']",,,,,
79,Thor: Love and Thunder,Taika Waititi,,,"['Kevin Feige', 'Brad Winderbaum']","['Chris Hemsworth', 'Christian Bale', 'Tessa Thompson', 'Jaimie Alexander', 'Taika Waititi', 'Russell Crowe', 'Natalie Portman']",Barry Idoine,"['Matthew Schmidt', 'Peter S. Elliot', 'Tim Roche', 'Jennifer Vecchiarello']","['Michael Giacchino (score and themes)', 'Nami Melumad (score)']","['Walt Disney Studios', 'Motion Pictures']","['June 23, 2022 ( 2022-06-23 ) ( El Capitan Theatre )', 'July 8, 2022 ( 2022-07-08 ) (United States)']",118 minutes,United States,English,$250 million,$760.9 million,118.0,250000000.0,760900000.0,,6.4,57,64%,Marvel Comics,,,Marvel Studios,"['Taika Waititi', 'Jennifer Kaytin Robinson']",,,,,,,,
80,Oppenheimer,Christopher Nolan,,,"['Christopher Nolan', 'Emma Thomas', 'Charles Roven']","['Cillian Murphy', 'Emily Blunt', 'Matt Damon', 'Robert Downey Jr.', 'Florence Pugh']",Hoyte van Hoytema,Jennifer Lame,Ludwig Göransson,Universal Pictures,,,United States,English,$100 million,,,100000000.0,,2023-07-21,8.3,N/A,,"['Kai Bird', 'Martin J. Sherwin']","['Syncopy Inc.', 'Atlas Entertainment']","['July 21, 2023 ( 2023-07-21 ) (United States)']",,Christopher Nolan,,,,,,,,
81,The People Speak,"['Howard Zinn', 'Chris Moore', 'Anthony Arnove']",,,"['Dan Abrams', 'Ara Katz', 'Art Spigel', 'David G. Johnson', 'Craig Roessler', 'Jesse Singer', 'Carolyn Mugar', 'Jodie Evans', 'Max Palevsky']",,,,Pieter A. Schlosser,,"['February 2009 ( 2009-02 ) (MoMA)', 'December 13, 2009 ( 2009-12-13 )']",,United States,English,,,,,,,7.3,N/A,,"['Howard Zinn', ""Voices of a People's History of the United States"", 'by Howard Zinn', 'Anthony Arnove']",,,,"['Howard Zinn', 'Anthony Arnove']",,,,,,,,
